,id,OSVDB,method,url,msg
0,999986,0,GET,/,Retrieved x-powered-by header: PHP/7.4.20
1,999957,0,GET,/,The anti-clickjacking X-Frame-Options header is not present.
2,999103,0,GET,/,The X-Content-Type-Options header is not set. This could allow the user agent to render the content of the site in a different fashion to the MIME type.
3,999100,0,GET,/TIeOwYUu.,"Uncommon header 'x-redirect-by' found, with contents: WordPress"
4,999997,0,GET,/wp-admin/,Entry '/wp-admin/' in robots.txt returned a non-forbidden or redirect HTTP code (302)
5,999996,0,GET,/robots.txt,"""robots.txt"" contains 2 entries which should be manually viewed."
6,600050,0,HEAD,/,Apache/2.4.38 appears to be outdated (current is at least Apache/2.4.46). Apache 2.2.34 is the EOL for the 2.x branch.
7,999967,0,MLYUWAYH,/,"Web Server returns a valid response with junk HTTP methods, this may cause false positives."
8,003584,3233,GET,/icons/README,Apache default file found.
9,006184,0,GET,/wp-links-opml.php,This WordPress script reveals the installed version.
10,006186,3092,GET,/license.txt,License file found may identify site software.
11,006191,0,GET,/wp-app.log,Wordpress' wp-app.log may leak application/system details.
12,006191,0,GET,/wordpress/wp-app.log,Wordpress' wp-app.log may leak application/system details.
13,006443,0,GET,/,A Wordpress installation was found.
14,006443,0,GET,/wordpress/,A Wordpress installation was found.
15,999961,0,GET,/wp-login.php?action=register,Cookie wordpress_test_cookie created without the httponly flag
16,006668,0,GET,/wp-login.php,Wordpress login found
